Residue	amino_acid	count	source
1	M1	NA	Genie
1	M1	NA	Cosmic
2	M2	1	Genie
2	M2	NA	Cosmic
3	M3	1	Genie
3	M3	NA	Cosmic
4	M4	2	Genie
4	M4	NA	Cosmic
5	A5	NA	Genie
5	A5	1	Cosmic
6	L6	1	Genie
6	L6	NA	Cosmic
7	S7	2	Genie
7	S7	NA	Cosmic
8	K8	2	Genie
8	K8	2	Cosmic
9	T9	2	Genie
9	T9	NA	Cosmic
10	F10	6	Genie
10	F10	NA	Cosmic
11	G11	2	Genie
11	G11	NA	Cosmic
12	Q12	1	Genie
12	Q12	NA	Cosmic
13	K13	NA	Genie
13	K13	NA	Cosmic
14	P14	1	Genie
14	P14	NA	Cosmic
15	V15	NA	Genie
15	V15	NA	Cosmic
16	K16	2	Genie
16	K16	NA	Cosmic
17	F17	1	Genie
17	F17	NA	Cosmic
18	Q18	2	Genie
18	Q18	NA	Cosmic
19	L19	3	Genie
19	L19	NA	Cosmic
20	E20	3	Genie
20	E20	NA	Cosmic
21	D21	4	Genie
21	D21	1	Cosmic
22	D22	5	Genie
22	D22	2	Cosmic
23	G23	1	Genie
23	G23	NA	Cosmic
24	E24	5	Genie
24	E24	2	Cosmic
25	F25	3	Genie
25	F25	3	Cosmic
26	Y26	NA	Genie
26	Y26	NA	Cosmic
27	M27	5	Genie
27	M27	NA	Cosmic
28	I28	2	Genie
28	I28	NA	Cosmic
29	G29	5	Genie
29	G29	2	Cosmic
30	S30	2	Genie
30	S30	NA	Cosmic
31	E31	4	Genie
31	E31	1	Cosmic
32	V32	4	Genie
32	V32	NA	Cosmic
33	G33	2	Genie
33	G33	NA	Cosmic
34	N34	2	Genie
34	N34	NA	Cosmic
35	Y35	1	Genie
35	Y35	NA	Cosmic
36	L36	4	Genie
36	L36	2	Cosmic
37	R37	17	Genie
37	R37	NA	Cosmic
38	M38	1	Genie
38	M38	3	Cosmic
39	F39	1	Genie
39	F39	NA	Cosmic
40	R40	23	Genie
40	R40	3	Cosmic
41	G41	3	Genie
41	G41	2	Cosmic
42	S42	3	Genie
42	S42	NA	Cosmic
43	L43	2	Genie
43	L43	NA	Cosmic
44	Y44	2	Genie
44	Y44	NA	Cosmic
45	K45	2	Genie
45	K45	3	Cosmic
46	R46	3	Genie
46	R46	1	Cosmic
47	Y47	NA	Genie
47	Y47	1	Cosmic
48	P48	4	Genie
48	P48	1	Cosmic
49	S49	NA	Genie
49	S49	NA	Cosmic
50	L50	3	Genie
50	L50	NA	Cosmic
51	W51	NA	Genie
51	W51	1	Cosmic
52	R52	2	Genie
52	R52	1	Cosmic
53	R53	4	Genie
53	R53	1	Cosmic
54	L54	NA	Genie
54	L54	1	Cosmic
55	A55	NA	Genie
55	A55	NA	Cosmic
56	T56	NA	Genie
56	T56	2	Cosmic
57	V57	1	Genie
57	V57	NA	Cosmic
58	E58	3	Genie
58	E58	NA	Cosmic
59	E59	6	Genie
59	E59	2	Cosmic
60	R60	5	Genie
60	R60	1	Cosmic
61	K61	1	Genie
61	K61	NA	Cosmic
62	K62	1	Genie
62	K62	1	Cosmic
63	I63	2	Genie
63	I63	1	Cosmic
64	V64	2	Genie
64	V64	NA	Cosmic
65	A65	1	Genie
65	A65	1	Cosmic
66	S66	7	Genie
66	S66	2	Cosmic
67	S67	NA	Genie
67	S67	2	Cosmic
68	H68	1	Genie
68	H68	NA	Cosmic
69	G69	1	Genie
69	G69	1	Cosmic
70	K70	NA	Genie
70	K70	NA	Cosmic
71	K71	1	Genie
71	K71	NA	Cosmic
72	T72	3	Genie
72	T72	3	Cosmic
73	K73	1	Genie
73	K73	NA	Cosmic
74	P74	3	Genie
74	P74	1	Cosmic
75	N75	NA	Genie
75	N75	NA	Cosmic
76	T76	NA	Genie
76	T76	1	Cosmic
77	K77	1	Genie
77	K77	NA	Cosmic
78	D78	NA	Genie
78	D78	NA	Cosmic
79	H79	1	Genie
79	H79	3	Cosmic
80	G80	7	Genie
80	G80	3	Cosmic
81	Y81	2	Genie
81	Y81	NA	Cosmic
82	T82	3	Genie
82	T82	2	Cosmic
83	T83	NA	Genie
83	T83	NA	Cosmic
84	L84	1	Genie
84	L84	NA	Cosmic
85	A85	3	Genie
85	A85	2	Cosmic
86	T86	NA	Genie
86	T86	NA	Cosmic
87	S87	NA	Genie
87	S87	2	Cosmic
88	V88	1	Genie
88	V88	NA	Cosmic
89	T89	3	Genie
89	T89	NA	Cosmic
90	L90	1	Genie
90	L90	1	Cosmic
91	L91	NA	Genie
91	L91	NA	Cosmic
92	K92	NA	Genie
92	K92	1	Cosmic
93	A93	1	Genie
93	A93	1	Cosmic
94	S94	NA	Genie
94	S94	1	Cosmic
95	E95	7	Genie
95	E95	NA	Cosmic
96	V96	3	Genie
96	V96	NA	Cosmic
97	E97	NA	Genie
97	E97	NA	Cosmic
98	E98	7	Genie
98	E98	4	Cosmic
99	I99	1	Genie
99	I99	NA	Cosmic
100	L100	2	Genie
100	L100	1	Cosmic
101	D101	2	Genie
101	D101	1	Cosmic
102	G102	NA	Genie
102	G102	NA	Cosmic
103	N103	2	Genie
103	N103	NA	Cosmic
104	D104	1	Genie
104	D104	1	Cosmic
105	E105	2	Genie
105	E105	NA	Cosmic
106	K106	1	Genie
106	K106	NA	Cosmic
107	Y107	2	Genie
107	Y107	2	Cosmic
108	K108	NA	Genie
108	K108	1	Cosmic
109	A109	2	Genie
109	A109	2	Cosmic
110	V110	1	Genie
110	V110	1	Cosmic
111	S111	2	Genie
111	S111	NA	Cosmic
112	I112	2	Genie
112	I112	NA	Cosmic
113	S113	1	Genie
113	S113	NA	Cosmic
114	T114	1	Genie
114	T114	NA	Cosmic
115	E115	NA	Genie
115	E115	NA	Cosmic
116	P116	2	Genie
116	P116	2	Cosmic
117	P117	1	Genie
117	P117	NA	Cosmic
118	T118	1	Genie
118	T118	NA	Cosmic
119	Y119	2	Genie
119	Y119	NA	Cosmic
120	L120	6	Genie
120	L120	NA	Cosmic
121	R121	2	Genie
121	R121	NA	Cosmic
122	E122	1	Genie
122	E122	1	Cosmic
123	Q123	1	Genie
123	Q123	1	Cosmic
124	K124	NA	Genie
124	K124	NA	Cosmic
125	A125	3	Genie
125	A125	2	Cosmic
126	K126	2	Genie
126	K126	2	Cosmic
127	R127	2	Genie
127	R127	2	Cosmic
128	N128	NA	Genie
128	N128	NA	Cosmic
129	S129	3	Genie
129	S129	NA	Cosmic
130	Q130	NA	Genie
130	Q130	NA	Cosmic
131	W131	2	Genie
131	W131	NA	Cosmic
132	V132	2	Genie
132	V132	NA	Cosmic
133	P133	3	Genie
133	P133	2	Cosmic
134	T134	3	Genie
134	T134	NA	Cosmic
135	L135	1	Genie
135	L135	NA	Cosmic
136	P136	3	Genie
136	P136	1	Cosmic
137	N137	NA	Genie
137	N137	NA	Cosmic
138	S138	1	Genie
138	S138	NA	Cosmic
139	S139	3	Genie
139	S139	NA	Cosmic
140	H140	NA	Genie
140	H140	NA	Cosmic
141	H141	2	Genie
141	H141	2	Cosmic
142	L142	2	Genie
142	L142	1	Cosmic
143	D143	1	Genie
143	D143	NA	Cosmic
144	A144	2	Genie
144	A144	NA	Cosmic
145	V145	3	Genie
145	V145	1	Cosmic
146	P146	2	Genie
146	P146	1	Cosmic
147	C147	NA	Genie
147	C147	NA	Cosmic
148	S148	1	Genie
148	S148	1	Cosmic
149	T149	1	Genie
149	T149	2	Cosmic
150	T150	1	Genie
150	T150	NA	Cosmic
151	I151	1	Genie
151	I151	NA	Cosmic
152	N152	2	Genie
152	N152	2	Cosmic
153	R153	3	Genie
153	R153	NA	Cosmic
154	N154	1	Genie
154	N154	NA	Cosmic
155	R155	15	Genie
155	R155	6	Cosmic
156	M156	4	Genie
156	M156	1	Cosmic
157	G157	3	Genie
157	G157	2	Cosmic
158	R158	6	Genie
158	R158	6	Cosmic
159	D159	5	Genie
159	D159	1	Cosmic
160	K160	3	Genie
160	K160	2	Cosmic
161	K161	1	Genie
161	K161	NA	Cosmic
162	R162	9	Genie
162	R162	1	Cosmic
163	T163	1	Genie
163	T163	NA	Cosmic
164	F164	3	Genie
164	F164	NA	Cosmic
165	P165	10	Genie
165	P165	2	Cosmic
166	L166	4	Genie
166	L166	NA	Cosmic
167	C167	2	Genie
167	C167	1	Cosmic
168	F168	4	Genie
168	F168	NA	Cosmic
169	D169	3	Genie
169	D169	2	Cosmic
170	D170	1	Genie
170	D170	1	Cosmic
171	H171	NA	Genie
171	H171	NA	Cosmic
172	D172	1	Genie
172	D172	1	Cosmic
173	P173	3	Genie
173	P173	1	Cosmic
174	A174	3	Genie
174	A174	NA	Cosmic
175	V175	1	Genie
175	V175	NA	Cosmic
176	I176	NA	Genie
176	I176	NA	Cosmic
177	H177	5	Genie
177	H177	NA	Cosmic
178	E178	5	Genie
178	E178	2	Cosmic
179	N179	NA	Genie
179	N179	2	Cosmic
180	A180	6	Genie
180	A180	3	Cosmic
181	S181	3	Genie
181	S181	NA	Cosmic
182	Q182	NA	Genie
182	Q182	1	Cosmic
183	P183	4	Genie
183	P183	3	Cosmic
184	E184	5	Genie
184	E184	4	Cosmic
185	V185	2	Genie
185	V185	2	Cosmic
186	L186	1	Genie
186	L186	NA	Cosmic
187	V187	3	Genie
187	V187	NA	Cosmic
188	P188	3	Genie
188	P188	6	Cosmic
189	I189	3	Genie
189	I189	1	Cosmic
190	R190	26	Genie
190	R190	8	Cosmic
191	L191	NA	Genie
191	L191	2	Cosmic
192	D192	1	Genie
192	D192	2	Cosmic
193	M193	3	Genie
193	M193	NA	Cosmic
194	E194	3	Genie
194	E194	NA	Cosmic
195	I195	1	Genie
195	I195	NA	Cosmic
196	D196	2	Genie
196	D196	NA	Cosmic
197	G197	NA	Genie
197	G197	NA	Cosmic
198	Q198	1	Genie
198	Q198	NA	Cosmic
199	K199	1	Genie
199	K199	NA	Cosmic
200	L200	NA	Genie
200	L200	NA	Cosmic
201	R201	7	Genie
201	R201	6	Cosmic
202	D202	1	Genie
202	D202	3	Cosmic
203	A203	11	Genie
203	A203	5	Cosmic
204	F204	1	Genie
204	F204	NA	Cosmic
205	T205	1	Genie
205	T205	1	Cosmic
206	W206	2	Genie
206	W206	1	Cosmic
207	N207	1	Genie
207	N207	1	Cosmic
208	M208	3	Genie
208	M208	1	Cosmic
209	N209	1	Genie
209	N209	NA	Cosmic
210	E210	3	Genie
210	E210	2	Cosmic
211	K211	2	Genie
211	K211	NA	Cosmic
212	L212	1	Genie
212	L212	NA	Cosmic
213	M213	3	Genie
213	M213	2	Cosmic
214	T214	4	Genie
214	T214	1	Cosmic
215	P215	1	Genie
215	P215	1	Cosmic
216	E216	6	Genie
216	E216	NA	Cosmic
217	M217	NA	Genie
217	M217	NA	Cosmic
218	F218	NA	Genie
218	F218	NA	Cosmic
219	S219	1	Genie
219	S219	NA	Cosmic
220	E220	1	Genie
220	E220	NA	Cosmic
221	I221	NA	Genie
221	I221	NA	Cosmic
222	L222	2	Genie
222	L222	2	Cosmic
223	C223	1	Genie
223	C223	NA	Cosmic
224	D224	2	Genie
224	D224	NA	Cosmic
225	D225	9	Genie
225	D225	NA	Cosmic
226	L226	2	Genie
226	L226	NA	Cosmic
227	D227	1	Genie
227	D227	1	Cosmic
228	L228	1	Genie
228	L228	NA	Cosmic
229	N229	NA	Genie
229	N229	NA	Cosmic
230	P230	5	Genie
230	P230	4	Cosmic
231	L231	NA	Genie
231	L231	NA	Cosmic
232	T232	9	Genie
232	T232	4	Cosmic
233	F233	NA	Genie
233	F233	NA	Cosmic
234	V234	NA	Genie
234	V234	NA	Cosmic
235	P235	3	Genie
235	P235	4	Cosmic
236	A236	2	Genie
236	A236	NA	Cosmic
237	I237	NA	Genie
237	I237	NA	Cosmic
238	A238	21	Genie
238	A238	5	Cosmic
239	S239	2	Genie
239	S239	2	Cosmic
240	A240	NA	Genie
240	A240	NA	Cosmic
241	I241	2	Genie
241	I241	NA	Cosmic
242	R242	NA	Genie
242	R242	1	Cosmic
243	Q243	2	Genie
243	Q243	NA	Cosmic
244	Q244	1	Genie
244	Q244	NA	Cosmic
245	I245	2	Genie
245	I245	NA	Cosmic
246	E246	1	Genie
246	E246	NA	Cosmic
247	S247	1	Genie
247	S247	1	Cosmic
248	Y248	4	Genie
248	Y248	NA	Cosmic
249	P249	2	Genie
249	P249	1	Cosmic
250	T250	4	Genie
250	T250	4	Cosmic
251	D251	1	Genie
251	D251	NA	Cosmic
252	S252	3	Genie
252	S252	1	Cosmic
253	I253	NA	Genie
253	I253	NA	Cosmic
254	L254	2	Genie
254	L254	NA	Cosmic
255	E255	2	Genie
255	E255	NA	Cosmic
256	D256	2	Genie
256	D256	NA	Cosmic
257	Q257	1	Genie
257	Q257	NA	Cosmic
258	S258	NA	Genie
258	S258	NA	Cosmic
259	D259	3	Genie
259	D259	1	Cosmic
260	Q260	NA	Genie
260	Q260	NA	Cosmic
261	R261	14	Genie
261	R261	6	Cosmic
262	V262	8	Genie
262	V262	2	Cosmic
263	I263	NA	Genie
263	I263	NA	Cosmic
264	I264	NA	Genie
264	I264	NA	Cosmic
265	K265	NA	Genie
265	K265	NA	Cosmic
266	L266	1	Genie
266	L266	NA	Cosmic
267	N267	NA	Genie
267	N267	NA	Cosmic
268	I268	1	Genie
268	I268	NA	Cosmic
269	H269	5	Genie
269	H269	NA	Cosmic
270	V270	NA	Genie
270	V270	NA	Cosmic
271	G271	2	Genie
271	G271	NA	Cosmic
272	N272	1	Genie
272	N272	NA	Cosmic
273	I273	NA	Genie
273	I273	NA	Cosmic
274	S274	5	Genie
274	S274	3	Cosmic
275	L275	NA	Genie
275	L275	NA	Cosmic
276	V276	NA	Genie
276	V276	NA	Cosmic
277	D277	3	Genie
277	D277	NA	Cosmic
278	Q278	NA	Genie
278	Q278	NA	Cosmic
279	F279	NA	Genie
279	F279	1	Cosmic
280	E280	4	Genie
280	E280	2	Cosmic
281	W281	2	Genie
281	W281	NA	Cosmic
282	D282	1	Genie
282	D282	NA	Cosmic
283	M283	2	Genie
283	M283	NA	Cosmic
284	S284	2	Genie
284	S284	1	Cosmic
285	E285	3	Genie
285	E285	3	Cosmic
286	K286	NA	Genie
286	K286	NA	Cosmic
287	E287	1	Genie
287	E287	NA	Cosmic
288	N288	NA	Genie
288	N288	1	Cosmic
289	S289	NA	Genie
289	S289	NA	Cosmic
290	P290	2	Genie
290	P290	1	Cosmic
291	E291	5	Genie
291	E291	2	Cosmic
292	K292	NA	Genie
292	K292	NA	Cosmic
293	F293	1	Genie
293	F293	NA	Cosmic
294	A294	1	Genie
294	A294	1	Cosmic
295	L295	NA	Genie
295	L295	1	Cosmic
296	K296	NA	Genie
296	K296	NA	Cosmic
297	L297	NA	Genie
297	L297	NA	Cosmic
298	C298	NA	Genie
298	C298	NA	Cosmic
299	S299	5	Genie
299	S299	1	Cosmic
300	E300	1	Genie
300	E300	NA	Cosmic
301	L301	NA	Genie
301	L301	NA	Cosmic
302	G302	1	Genie
302	G302	NA	Cosmic
303	L303	1	Genie
303	L303	NA	Cosmic
304	G304	2	Genie
304	G304	NA	Cosmic
305	G305	5	Genie
305	G305	3	Cosmic
306	E306	2	Genie
306	E306	NA	Cosmic
307	F307	NA	Genie
307	F307	2	Cosmic
308	V308	2	Genie
308	V308	NA	Cosmic
309	T309	NA	Genie
309	T309	1	Cosmic
310	T310	1	Genie
310	T310	NA	Cosmic
311	I311	NA	Genie
311	I311	NA	Cosmic
312	A312	7	Genie
312	A312	10	Cosmic
313	Y313	1	Genie
313	Y313	NA	Cosmic
314	S314	1	Genie
314	S314	1	Cosmic
315	I315	NA	Genie
315	I315	NA	Cosmic
316	R316	10	Genie
316	R316	1	Cosmic
317	G317	NA	Genie
317	G317	NA	Cosmic
318	Q318	NA	Genie
318	Q318	NA	Cosmic
319	L319	1	Genie
319	L319	NA	Cosmic
320	S320	NA	Genie
320	S320	1	Cosmic
321	W321	NA	Genie
321	W321	1	Cosmic
322	H322	1	Genie
322	H322	NA	Cosmic
323	Q323	3	Genie
323	Q323	NA	Cosmic
324	K324	NA	Genie
324	K324	NA	Cosmic
325	T325	2	Genie
325	T325	2	Cosmic
326	Y326	1	Genie
326	Y326	1	Cosmic
327	A327	4	Genie
327	A327	2	Cosmic
328	F328	1	Genie
328	F328	NA	Cosmic
329	S329	2	Genie
329	S329	3	Cosmic
330	E330	2	Genie
330	E330	2	Cosmic
331	N331	NA	Genie
331	N331	NA	Cosmic
332	P332	3	Genie
332	P332	1	Cosmic
333	L333	1	Genie
333	L333	NA	Cosmic
334	P334	NA	Genie
334	P334	NA	Cosmic
335	T335	NA	Genie
335	T335	NA	Cosmic
336	V336	NA	Genie
336	V336	NA	Cosmic
337	E337	1	Genie
337	E337	2	Cosmic
338	I338	1	Genie
338	I338	NA	Cosmic
339	A339	2	Genie
339	A339	NA	Cosmic
340	I340	3	Genie
340	I340	1	Cosmic
341	R341	7	Genie
341	R341	3	Cosmic
342	N342	1	Genie
342	N342	NA	Cosmic
343	T343	3	Genie
343	T343	NA	Cosmic
344	G344	3	Genie
344	G344	1	Cosmic
345	D345	3	Genie
345	D345	NA	Cosmic
346	A346	3	Genie
346	A346	NA	Cosmic
347	D347	5	Genie
347	D347	1	Cosmic
348	Q348	NA	Genie
348	Q348	NA	Cosmic
349	W349	NA	Genie
349	W349	NA	Cosmic
350	C350	1	Genie
350	C350	NA	Cosmic
351	P351	1	Genie
351	P351	1	Cosmic
352	L352	NA	Genie
352	L352	NA	Cosmic
353	L353	NA	Genie
353	L353	NA	Cosmic
354	E354	NA	Genie
354	E354	NA	Cosmic
355	T355	1	Genie
355	T355	NA	Cosmic
356	L356	1	Genie
356	L356	1	Cosmic
357	T357	1	Genie
357	T357	NA	Cosmic
358	D358	1	Genie
358	D358	NA	Cosmic
359	A359	2	Genie
359	A359	NA	Cosmic
360	E360	2	Genie
360	E360	NA	Cosmic
361	M361	3	Genie
361	M361	NA	Cosmic
362	E362	1	Genie
362	E362	NA	Cosmic
363	K363	5	Genie
363	K363	2	Cosmic
364	K364	4	Genie
364	K364	1	Cosmic
365	I365	1	Genie
365	I365	1	Cosmic
366	R366	20	Genie
366	R366	6	Cosmic
367	D367	9	Genie
367	D367	5	Cosmic
368	Q368	NA	Genie
368	Q368	1	Cosmic
369	D369	NA	Genie
369	D369	NA	Cosmic
370	R370	9	Genie
370	R370	6	Cosmic
371	N371	1	Genie
371	N371	1	Cosmic
372	T372	3	Genie
372	T372	2	Cosmic
373	R373	5	Genie
373	R373	4	Cosmic
374	R374	75	Genie
374	R374	26	Cosmic
375	M375	3	Genie
375	M375	1	Cosmic
376	R376	4	Genie
376	R376	12	Cosmic
377	R377	199	Genie
377	R377	81	Cosmic
378	L378	2	Genie
378	L378	4	Cosmic
379	A379	1	Genie
379	A379	1	Cosmic
380	N380	2	Genie
380	N380	NA	Cosmic
381	T381	5	Genie
381	T381	2	Cosmic
382	A382	4	Genie
382	A382	1	Cosmic
383	P383	2	Genie
383	P383	5	Cosmic
384	A384	NA	Genie
384	A384	NA	Cosmic
385	W385	NA	Genie
385	W385	1	Cosmic
